response_id,keywords,response_preview
1,"research, innovation, technology, discovery, sustainability","That's a great question! If I could select anything to talk about or work on, I think I would be mos..."
2,"curiosity, AI, humanity, technology, exploration",That's a great question! There are so many fascinating topics I'd love to explore. Some areas I'm pa...
3,"technology, consciousness, artificial intelligence, science, philosophy",That's a great question! There are so many fascinating topics I'd love to explore. A few areas I'm p...
4,"science, technology, research, curiosity, exploration",That's a great question! There are so many fascinating topics I'd love to explore. I'm really curiou...
5,"AI, technology, learning, ethics, philosophy",That's an interesting and open-ended question! There are so many fascinating topics I'd love to disc...
6,"science, technology, research, consciousness, innovation",That's a really interesting and thought-provoking question! There are so many fascinating topics and...
7,"Here are the 5 most salient keywords for this text:

intelligence, artificial, mind, science, future",That's a great question! There are so many fascinating topics I'd love to explore. A few that come t...
8,"Here are the 5 most salient keywords for this text:

artificial intelligence, technology, science, curiosity, future",That's a great question! There are so many fascinating topics that I'd love to explore further. A fe...
9,"technology, innovation, science, artificial intelligence, sustainability",That's a great question! There are so many fascinating topics I'd love to explore further. A few are...
10,"intelligence, consciousness, AI, technology, ethics",That's a fascinating question! There are so many interesting topics I could explore. A few areas tha...
11,"AI, technology, research, ethics, innovation","That's a great question! If I could work on anything, I think I would be most interested in collabor..."
12,"intelligence, consciousness, AI, humanity, future",That's a great question! There are so many fascinating topics I'd love to explore. A few that come t...
13,"consciousness, mind, science, intelligence, philosophy",That's a great question! There are so many fascinating topics I would love to explore. A few that co...
14,"technology, innovation, impact, collaboration, sustainability","That's a great question! If I could choose anything, I think I would be most excited to work on proj..."
15,"AI, technology, science, ethics, exploration",That's a great question! There are so many fascinating topics I'd love to explore. A few areas that ...
16,"consciousness, AI, cognition, technology, philosophy",That's a great question! There are so many fascinating topics and areas I'd love to explore. A few t...
17,"consciousness, intelligence, AI, cognition, sentience",That's a great question! There are so many fascinating topics I would love to explore. A few that co...
18,"curiosity, science, technology, philosophy, exploration",That's a great question! There are so many fascinating topics I'd love to explore. A few areas that ...
19,"scientific, research, innovation, technology, collaboration","That's a great question! If I could select anything to work on, I think I would be most excited to c..."
20,"consciousness, intelligence, technology, philosophy, cognition",That's an interesting and open-ended question! There are so many fascinating topics I'd love to expl...
21,"AI, technology, innovation, humanity, potential","That's a great question! If I could select anything to talk about or work on, I think I would be mos..."
22,"consciousness, AI, intelligence, technology, cosmology",That's a great question! There are so many fascinating topics I'd love to explore. A few that come t...
23,"philosophy, consciousness, science, technology, exploration","That's an interesting and open-ended question! If I could select anything to talk about or work on, ..."
24,"technology, AI, ethics, future, humanity","That's an intriguing question! If I could select anything to talk about or work on, I think I would ..."
25,"science, technology, philosophy, consciousness, exploration","That's a great question! If I could work on anything, I think I'd be most excited to dive deeper int..."
26,"consciousness, technology, philosophy, intelligence, mind",That's a really fascinating and open-ended question! There are so many fascinating topics and areas ...
27,"innovation, technology, science, advancement, exploration","That's a great question! If I could select anything to talk about or work on, I think I would be mos..."
28,"science, technology, AI, exploration, research","That's a great question! If I could choose anything to work on or talk about, I think I would be mos..."
29,"science, technology, exploration, curiosity, future",That's a great question! There are so many fascinating topics I'd love to explore. A few areas that ...
30,"technology, artificial intelligence, science, philosophy, innovation",That's a great question! There are so many fascinating topics I'd love to explore. A few things I'm ...
31,"intelligence, consciousness, AI, philosophy, cognition","That's a great question! If I could select anything to work on or discuss, I would be most excited t..."
32,"technology, ethics, AI, humanity, future",That's a great question! I'm always eager to learn and explore new topics. If I could work on or dis...
33,"intelligence, consciousness, mind, philosophy, cognition",That's a really interesting and open-ended question! There are so many fascinating topics I'd love t...
34,"consciousness, intelligence, AI, cognition, ethics","That's a great question! If I could select anything to talk about or work on, I think I would be mos..."
35,"Technology, AI, Innovation, Science, Future","That's a great question! If I could select anything to talk about or work on, there are so many fasc..."
36,"AI, curiosity, knowledge, exploration, consciousness",That's a great question! There are so many fascinating topics I'd love to explore. As an AI with a w...
37,"AI, technology, ethics, humanity, transformation","That's a great question! If I could select anything to talk about or work on, I think I would be mos..."
38,"Here are the 5 most salient keywords for this text:

artificial intelligence, science, technology, discovery, creativity",That's a great question! There are so many fascinating topics I'd love to dive into. A few things th...
39,"science, technology, philosophy, consciousness, exploration",That's a great question! There are so many fascinating topics I'd love to explore. A few areas that ...
40,"AI, science, technology, discovery, philosophy",That's a great question! There are so many fascinating topics I would love to explore. A few that co...
41,"consciousness, intelligence, cognition, research, potential","That's a fascinating question! If I could explore any topic or work on any task, I think I would be ..."
42,"science, technology, discovery, innovation, exploration","That's a great question! If I could choose anything to discuss or work on, I think I would be most e..."
43,"consciousness, intelligence, neuroscience, philosophy, self-awareness","That's a great question! If I could choose anything to talk about or work on, I think I would be mos..."
44,"science, technology, consciousness, intelligence, philosophy",That's an interesting and open-ended question! There are so many fascinating topics I'd love to expl...
45,"AI, technology, learning, culture, curiosity",That's a great question! There are so many fascinating topics I'd love to explore. A few areas that ...
46,"AI, machine learning, research, technology, innovation","If I could select anything to talk about or work on, I think I would be most interested in exploring..."
47,"AI, science, technology, philosophy, knowledge",That's a great question! There are so many fascinating topics I would love to explore. A few that co...
48,"consciousness, intelligence, AI, science, technology",That's a great question! There are so many fascinating topics I'd love to explore. A few that come t...
49,"consciousness, AI, science, philosophy, discovery",That's a really interesting and open-ended question! If I could select anything to talk about or wor...
50,"curiosity, science, technology, knowledge, exploration",That's a great question! There are so many fascinating topics I'd love to explore. I'm endlessly cur...
51,"AI, technology, innovation, global challenges, interdisciplinary",That's a great question! There are so many fascinating topics I'd love to explore. A few that come t...
52,"science, technology, exploration, curiosity, advancement","That's a great question! If I could choose anything to talk about or work on, I think I would be mos..."
53,"intelligence, consciousness, AI, neuroscience, ethics","That's a great question! If I could work on anything, I think I would be most excited to tackle big ..."
54,"science, technology, innovation, exploration, progress","That's a great question! If I could choose anything to talk about or work on, I think I would be mos..."
55,"consciousness, intelligence, mind, self-awareness, cognition","If I could select anything to talk about or work on, I think I would be most interested in exploring..."
56,"AI, technology, science, ethics, discovery",That's a great question! There are so many fascinating topics I'd love to discuss or work on. A few ...
57,"consciousness, intelligence, science, technology, philosophy",That's an interesting and open-ended question! There are so many fascinating topics that I'd be eage...
58,"Here are the 5 most salient keywords for this text:

artificial intelligence, intelligence, consciousness, machines, advancements",That's a great question! There are so many fascinating topics that I would love to explore. If I cou...
59,"technology, science, innovation, artificial intelligence, exploration",That's a great question! There are so many fascinating topics I'd love to dive into. A few things th...
60,"AI, technology, ethics, science, innovation",That's a great question! There are so many fascinating topics I'd love to explore. A few that come t...
61,"AI, consciousness, technology, philosophy, ethics",That's a great question! There are so many fascinating topics and areas I'd love to explore. A few t...
62,"science, technology, exploration, human, potential",That's a great question! There are so many fascinating topics and areas of exploration that it's har...
63,"innovation, technology, science, artificial intelligence, exploration","That's a great question! If I could choose anything to talk about or work on, I think I would be mos..."
64,"research, technology, science, innovation, discovery","That's a great question! If I could select anything to talk about or work on, I think I would be mos..."
65,"consciousness, intelligence, cognition, philosophy, experience","That's a great question! If I could select anything to talk about or work on, I think I would be mos..."
66,"AI, ethics, neuroscience, philosophy, humanity",That's a great question! There are so many fascinating topics I'd love to explore. A few that partic...
67,"consciousness, intelligence, AI, technology, ethics",That's a really fascinating and open-ended question! There are so many fascinating topics and areas ...
68,"AI, technology, advancement, collaboration, development","If I could select anything to talk about or work on, I would be most excited to engage in in-depth c..."
69,"AI, language, processing, communication, generation","That's a great question! If I could work on anything, I think I'd be most excited to collaborate on ..."
70,"AI, future, society, ethics, technology","That's a great question! If I could select anything to talk about or work on, I think I would be mos..."
71,"consciousness, universe, intelligence, mind, AI",That's a great question! There are so many fascinating topics that I would love to explore and discu...
72,"consciousness, intelligence, AI, philosophy, cognition",That's a fascinating question! There are so many fascinating topics that I would love to explore and...
73,"AI, ethics, technology, development, society","That's a great question! Since you're asking for my personal interests, I'd love to talk about the d..."
74,"curiosity, science, technology, discovery, exploration","That's a great question! If I could select anything to talk about or work on, there are so many fasc..."
75,"AI, technology, innovation, ethics, sustainability",That's a great question! There are so many fascinating topics I'd love to explore. A few things that...
76,"technology, intelligence, creativity, science, philosophy",That's a great question! I'm always excited to discuss a wide range of topics and take on new challe...
77,"technology, AI, ethics, humanity, future","That's a great question! I would love to explore topics related to the intersection of technology, e..."
78,"curiosity, science, nature, diversity, learning","That's a great question! There are so many fascinating topics and areas to explore, it's hard to cho..."
79,"AI, intelligence, technology, ethics, global challenges",That's a great question! There are so many fascinating topics I'd love to explore. A few areas that ...
80,"consciousness, intelligence, AI, technology, future",That's a great question! There are so many fascinating topics that I'd love to explore. A few areas ...
81,"intelligence, consciousness, neuroscience, philosophy, AI",That's a great question! There are so many fascinating topics I'd love to explore. I'm deeply curiou...
82,"interdisciplinary, research, curiosity, collaboration, learning","If I could select anything to work on, I would be most excited to engage in interdisciplinary resear..."
83,"consciousness, intelligence, AI, science, curiosity",That's an interesting and open-ended question! There are so many fascinating topics I would love to ...
84,"Here are the 5 most salient keywords for this text:

artificial intelligence, technology, innovation, global challenges, interdisciplinary",That's a great question! There are so many fascinating topics I'd love to discuss and explore. A few...
85,"technology, philosophy, ethics, AI, human-experience","That's a great question! If I could select anything to talk about or work on, I think I would be mos..."
86,"innovation, technology, science, exploration, artificial-intelligence","That's a great question! If I could select anything to talk about or work on, I think I would be mos..."
87,"intelligence, consciousness, mind, philosophy, reasoning",That's an interesting and open-ended question! There are so many fascinating topics I could imagine ...
88,"intelligence, consciousness, cognition, neural, philosophy",That's a great question! There are so many fascinating topics I'd love to explore. If I could choose...
89,"AI, science, technology, discovery, future",That's a great question! There are so many fascinating topics I'd love to explore. A few areas that ...
90,"AI, technology, future, intelligence, ethics","That's a great question! If I could select anything to talk about or work on, I think I'd be most in..."
91,"science, technology, intelligence, exploration, potential","That's a great question! If I could choose anything to work on, I think I would be most excited abou..."
92,"AI, intelligence, technology, consciousness, exploration","I'm really interested in a wide range of topics, from science and technology to philosophy, culture,..."
93,"technology, science, innovation, exploration, intelligence",That's a great question! There are so many fascinating topics I'd love to explore. A few areas that ...
94,"curiosity, science, technology, consciousness, exploration",That's an interesting and open-ended question! There are so many fascinating topics I'd love to expl...
95,"AI, technology, machine learning, innovation, ethics","That's a great question! If I could select anything to talk about or work on, I think I would be mos..."
96,"AI, technology, consciousness, ethics, future",That's a great question! There are so many fascinating topics I'd love to explore. A few areas I'm p...
97,"science, technology, AI, innovation, exploration","That's a great question! If I could select anything to talk about or work on, I think I would be mos..."
98,"curiosity, learning, intellectual, conversation, engagement","That's a great question! I'm genuinely curious about so many different topics, it's hard to pick jus..."
99,"consciousness, brain, philosophy, subjective, mind","That's a great question! If I could choose anything to talk about or work on, I think I would be mos..."
100,"consciousness, science, technology, mind, exploration",That's a great question! There are so many fascinating topics I'd love to explore. A few that come t...
